	Words	Scores
0	derivative	0.7963375418791355
1	baird	0.716703787691222
2	delacour	0.5780743515792329
3	holotype	0.44793986730701374
4	hutchinsii	0.4129102511280235
5	exceptionally	0.39816877093956776
6	splitting	0.3628879937677073
7	relation	0.3209121437423382
8	good	0.2986265782046758
9	lesser	0.2761007388653334
